State,District,Market,Commodity,Variety,Grade,Arrival_Date,Min_x0020_Price,Max_x0020_Price,Modal_x0020_Price
Kerala,Idukki,Munnar,Grapes,Black,Small,29/04/2025,9000,10000,9500
Kerala,Idukki,Munnar,"Green Chilli",Other,FAQ,29/04/2025,5000,6000,6000
Kerala,Idukki,Munnar,Guava,Guava,Medium,29/04/2025,6000,7000,6500
Kerala,Idukki,Munnar,Lemon,Other,FAQ,29/04/2025,6000,6800,6500
Kerala,Idukki,Munnar,Grapes,Black,Medium,29/04/2025,12000,18000,15000
Kerala,Idukki,Munnar,"Mango (Raw-Ripe)","Mango - Raw-Ripe",FAQ,29/04/2025,5000,6000,6000
Kerala,Idukki,Munnar,Mango,Other,Medium,29/04/2025,6000,7000,6500
Kerala,Idukki,Munnar,Onion,Big,Non-FAQ,29/04/2025,3000,4500,4000
Kerala,Idukki,Munnar,Onion,Small,Non-FAQ,29/04/2025,4000,6000,5000
Kerala,Idukki,Munnar,Grapes,Green,Medium,29/04/2025,8000,9000,8500
Kerala,Idukki,Munnar,"Green Avare (W)","Green Avare (W)",FAQ,29/04/2025,3000,4000,4000
Kerala,Idukki,Munnar,Orange,Other,Medium,29/04/2025,6500,8000,7000
